{"cameraMode":{"drawMode":0,"name":"Shaded","section":"Shading Mode"},"sceneLighting":true,"audioPlay":false,"sceneViewState":{"showFog":true,"showMaterialUpdate":false,"showSkybox":true,"showFlares":true,"showImageEffects":true,"showParticleSystems":true,"showVisualEffectGraphs":true,"m_FxEnabled":true},"in2DMode":false,"pivot":{"x":141.0501708984375,"y":38.321380615234378,"z":95.7708969116211},"rotation":{"x":0.017763566225767137,"y":-0.9619912505149841,"z":0.26499632000923159,"w":0.06382105499505997},"size":0.9669594764709473,"orthographic":false}