{"cameraMode":{"drawMode":0,"name":"Shaded","section":"Shading Mode"},"sceneLighting":true,"audioPlay":false,"sceneViewState":{"showFog":true,"showMaterialUpdate":false,"showSkybox":true,"showFlares":true,"showImageEffects":true,"showParticleSystems":true,"showVisualEffectGraphs":true,"m_FxEnabled":true},"in2DMode":false,"pivot":{"x":121.07569122314453,"y":9.624034881591797,"z":51.88838195800781},"rotation":{"x":0.08748575299978256,"y":-0.9044627547264099,"z":0.22446447610855103,"w":0.35193198919296267},"size":31.872119903564454,"orthographic":false}