{"cameraMode":{"drawMode":0,"name":"Shaded","section":"Shading Mode"},"sceneLighting":true,"audioPlay":false,"sceneViewState":{"showFog":true,"showMaterialUpdate":false,"showSkybox":true,"showFlares":true,"showImageEffects":true,"showParticleSystems":true,"showVisualEffectGraphs":true,"m_FxEnabled":true},"in2DMode":false,"pivot":{"x":-145.48858642578126,"y":-172.63565063476563,"z":-11.041488647460938},"rotation":{"x":0.14416663348674775,"y":-0.8153854012489319,"z":0.22989213466644288,"w":0.5113275647163391},"size":216.66282653808595,"orthographic":false}