{"cameraMode":{"drawMode":0,"name":"Shaded","section":"Shading Mode"},"sceneLighting":true,"audioPlay":false,"sceneViewState":{"showFog":true,"showMaterialUpdate":false,"showSkybox":true,"showFlares":true,"showImageEffects":true,"showParticleSystems":true,"showVisualEffectGraphs":true,"m_FxEnabled":true},"in2DMode":false,"pivot":{"x":168.60501098632813,"y":35.01856994628906,"z":171.291748046875},"rotation":{"x":0.05113542824983597,"y":-0.07751106470823288,"z":0.003926537930965424,"w":0.9956377744674683},"size":13.002645492553711,"orthographic":false}