{"cameraMode":{"drawMode":0,"name":"Shaded","section":"Shading Mode"},"sceneLighting":true,"audioPlay":false,"sceneViewState":{"showFog":true,"showMaterialUpdate":false,"showSkybox":true,"showFlares":true,"showImageEffects":true,"showParticleSystems":true,"showVisualEffectGraphs":true,"m_FxEnabled":true},"in2DMode":false,"pivot":{"x":157.98797607421876,"y":34.435523986816409,"z":158.14724731445313},"rotation":{"x":0.07893094420433045,"y":-0.48198798298835757,"z":0.043625518679618838,"w":0.8714874982833862},"size":12.12435531616211,"orthographic":false}