{"cameraMode":{"drawMode":0,"name":"Shaded","section":"Shading Mode"},"sceneLighting":true,"audioPlay":false,"sceneViewState":{"showFog":true,"showMaterialUpdate":false,"showSkybox":true,"showFlares":true,"showImageEffects":true,"showParticleSystems":true,"showVisualEffectGraphs":true,"m_FxEnabled":true},"in2DMode":false,"pivot":{"x":146.61795043945313,"y":40.34813690185547,"z":94.73439025878906},"rotation":{"x":0.017957724630832673,"y":0.9416683316230774,"z":-0.05122506991028786,"w":0.3320334553718567},"size":0.8660253882408142,"orthographic":false}