{"cameraMode":{"drawMode":0,"name":"Shaded","section":"Shading Mode"},"sceneLighting":true,"audioPlay":false,"sceneViewState":{"showFog":true,"showMaterialUpdate":false,"showSkybox":true,"showFlares":true,"showImageEffects":true,"showParticleSystems":true,"showVisualEffectGraphs":true,"m_FxEnabled":true},"in2DMode":false,"pivot":{"x":141.11241149902345,"y":37.901065826416019,"z":95.87297058105469},"rotation":{"x":-0.0006273361505009234,"y":0.99298095703125,"z":-0.11853393167257309,"w":-0.003523315070196986},"size":0.612493634223938,"orthographic":false}